label_index,predicted_time,predicted_frame,matched_frame,matched_time,mae,phash_hamming,accepted,transform_mode
0,0.000000,0,0,0.000000,0.2580,0,1,letterbox0
39,1.767232,39,39,1.767232,0.2500,0,1,letterbox0
77,3.489151,77,77,3.489151,0.2490,0,1,letterbox0
116,5.256384,116,116,5.256384,0.2500,0,1,letterbox0
155,7.023616,155,155,7.023616,0.2580,0,1,letterbox0
193,8.745535,193,193,8.745535,0.2530,0,1,letterbox0
232,10.512768,232,232,10.512768,0.2580,0,1,letterbox0
270,12.234686,270,271,12.280000,0.3750,0,1,letterbox0
309,14.001919,309,309,14.001919,0.2320,0,1,letterbox0
348,15.769151,348,348,15.769151,0.1580,0,1,letterbox0
386,17.491070,386,386,17.491070,0.2390,0,1,letterbox0
425,19.258303,425,425,19.258303,0.2430,0,1,letterbox0
464,21.025535,464,464,21.025535,0.2450,0,1,letterbox0
502,22.747454,502,502,22.747454,0.2460,2,1,letterbox0
541,24.514686,541,541,24.514686,0.2550,0,1,letterbox0
