target_frame,track_id,reason,source,gap_seconds
258,300,visibility_0_occlusion,snap_next_anchor,
259,300,visibility_0_occlusion,snap_next_anchor,
260,300,visibility_0_occlusion,snap_next_anchor,
261,300,visibility_0_occlusion,snap_next_anchor,
262,300,visibility_0_occlusion,snap_next_anchor,
263,300,visibility_0_occlusion,snap_next_anchor,
264,300,visibility_0_occlusion,snap_next_anchor,
265,300,visibility_0_occlusion,snap_next_anchor,
266,300,visibility_0_occlusion,snap_next_anchor,
267,300,visibility_0_occlusion,snap_next_anchor,
268,300,visibility_0_occlusion,snap_next_anchor,
273,300,visibility_0_occlusion,snap_next_anchor,
274,300,visibility_0_occlusion,snap_next_anchor,
280,300,visibility_0_occlusion,snap_next_anchor,
290,300,duplicate_track_id_same_frame,snap_next_anchor|snap_prev_anchor,
342,300,visibility_0_occlusion,snap_next_anchor,
343,300,visibility_0_occlusion,snap_next_anchor,
344,300,visibility_0_occlusion,snap_next_anchor,
345,300,visibility_0_occlusion,snap_next_anchor,
346,300,visibility_0_occlusion,snap_next_anchor,
347,300,visibility_0_occlusion,snap_next_anchor,
238,1036,visibility_0_occlusion,snap_next_anchor,
239,1036,visibility_0_occlusion,snap_next_anchor,
240,1036,visibility_0_occlusion,snap_next_anchor,
241,1036,visibility_0_occlusion,snap_next_anchor,
242,1036,visibility_0_occlusion,snap_next_anchor,
243,1036,visibility_0_occlusion,snap_next_anchor,
244,1036,visibility_0_occlusion,snap_next_anchor,
245,1036,visibility_0_occlusion,snap_next_anchor,
246,1036,visibility_0_occlusion,snap_next_anchor,
247,1036,visibility_0_occlusion,snap_next_anchor,
248,1036,visibility_0_occlusion,snap_next_anchor,
249,1036,visibility_0_occlusion,snap_next_anchor,
250,1036,visibility_0_occlusion,snap_next_anchor,
251,1036,visibility_0_occlusion,snap_next_anchor,
252,1036,visibility_0_occlusion,snap_next_anchor,
253,1036,visibility_0_occlusion,snap_next_anchor,
254,1036,visibility_0_occlusion,snap_next_anchor,
255,1036,visibility_0_occlusion,snap_next_anchor,
256,1036,visibility_0_occlusion,snap_next_anchor,
257,1036,visibility_0_occlusion,snap_next_anchor,
258,1036,visibility_0_occlusion,snap_next_anchor,
259,1036,visibility_0_occlusion,snap_next_anchor,
260,1036,visibility_0_occlusion,snap_next_anchor,
261,1036,visibility_0_occlusion,snap_next_anchor,
262,1036,visibility_0_occlusion,snap_next_anchor,
263,1036,visibility_0_occlusion,snap_next_anchor,
264,1036,visibility_0_occlusion,snap_next_anchor,
265,1036,visibility_0_occlusion,snap_next_anchor,
266,1036,visibility_0_occlusion,snap_next_anchor,
267,1036,visibility_0_occlusion,snap_next_anchor,
268,1036,visibility_0_occlusion,snap_next_anchor,
269,1036,visibility_0_occlusion,snap_next_anchor,
270,1036,visibility_0_occlusion,snap_next_anchor,
271,1036,visibility_0_occlusion,snap_next_anchor,
272,1036,visibility_0_occlusion,snap_next_anchor,
273,1036,visibility_0_occlusion,snap_next_anchor,
274,1036,visibility_0_occlusion,snap_next_anchor,
275,1036,visibility_0_occlusion,snap_next_anchor,
276,1036,visibility_0_occlusion,snap_next_anchor,
277,1036,visibility_0_occlusion,snap_next_anchor,
278,1036,visibility_0_occlusion,snap_next_anchor,
279,1036,visibility_0_occlusion,snap_next_anchor,
280,1036,visibility_0_occlusion,snap_next_anchor,
281,1036,visibility_0_occlusion,snap_next_anchor,
282,1036,visibility_0_occlusion,snap_next_anchor,
335,1036,visibility_0_occlusion,snap_next_anchor,
336,1036,visibility_0_occlusion,snap_next_anchor,
337,1036,visibility_0_occlusion,snap_next_anchor,
338,1036,visibility_0_occlusion,snap_next_anchor,
339,1036,visibility_0_occlusion,snap_next_anchor,
340,1036,visibility_0_occlusion,snap_next_anchor,
341,1036,visibility_0_occlusion,snap_next_anchor,
342,1036,visibility_0_occlusion,snap_next_anchor,
343,1036,visibility_0_occlusion,snap_next_anchor,
344,1036,visibility_0_occlusion,snap_next_anchor,
345,1036,visibility_0_occlusion,snap_next_anchor,
346,1036,visibility_0_occlusion,snap_next_anchor,
347,1036,visibility_0_occlusion,snap_next_anchor,
348,1036,visibility_0_occlusion,snap_next_anchor,
349,1036,visibility_0_occlusion,snap_next_anchor,
350,1036,visibility_0_occlusion,snap_next_anchor,
351,1036,visibility_0_occlusion,snap_next_anchor,
352,1036,visibility_0_occlusion,snap_next_anchor,
